Team,ExpectedPoints,PointsRange,ExpectedGD,GDRange,ExpectedRank,RankRange,TitleWin%,Top4%,Relegated%
Arsenal,75.0,58-88,75,26-128,1,1-5,60.27,93.41,0.01
Man City,63.0,43-81,30,-8-78,3,1-12,14.92,63.35,0.31
Man United,54.0,34-74,9,-26-58,6,1-17,5.11,34.58,2.87
Brighton,52.0,32-72,7,-27-53,7,2-17,3.18,27.74,3.89
Liverpool,52.0,33-72,10,-23-57,7,2-17,3.26,29.24,3.24
Chelsea,51.0,32-71,3,-30-48,8,2-17,2.63,24.13,4.02
Bournemouth,50.0,32-70,3,-27-45,8,2-17,2.15,22.11,4.32
Newcastle,51.0,32-72,5,-28-52,8,2-17,3.31,25.82,4.16
Brentford,49.0,31-68,3,-27-44,9,2-18,1.82,18.73,5.27
Aston Villa,44.0,28-64,-6,-32-28,11,3-18,0.56,10.13,8.75
Nott'm Forest,45.0,29-65,-4,-31-32,11,3-18,0.83,11.49,7.88
Leeds,44.0,28-63,-9,-34-22,11,3-18,0.6,9.26,9.65
Hull,41.0,26-58,-5,-23-17,12,5-19,0.17,4.44,12.58
Everton,43.0,27-62,-8,-33-23,12,4-19,0.34,7.56,10.14
Fulham,41.0,25-60,-11,-36-20,13,4-19,0.29,5.99,14.86
Sunderland,41.0,26-59,-11,-36-16,13,4-19,0.23,5.04,14.31
Tottenham,39.0,24-58,-17,-43-13,14,5-19,0.22,3.79,19.46
Crystal Palace,37.0,23-56,-20,-47-12,15,6-20,0.11,3.03,25.65
Ipswich,26.0,15-42,-53,-81--20,19,12-20,0.0,0.16,71.85
Coventry,26.0,16-37,-32,-48--15,19,15-20,0.0,0.0,76.78
